id,value
发改委,1
发改委.其他,1
发改委.其他.有关机构,1
发改委.研究院,1
发改委.研究院.国家发改委宏观经济研究院,1
发改委.局,1
发改委.局.国家能源局,1
发改委.其他.研究机构,1
发改委.协会,1
发改委.协会.一协会,1
发改委.公司,1
发改委.公司.考格尔汽车制造有限公司,1
发改委.司,1
发改委.司.考格尔汽车制造有限公司,1
发改委.其他.中国中小企业学会,1
发改委.中心,1
发改委.中心.国际合作中心,1
发改委.公司.中经通投资咨询公司,1
发改委.司.中经通投资咨询公司,1
发改委.中心.宁波市价格认证中心,1
发改委.其他.中国信息协会城市运营分会,1
发改委.协会.中国产业海外发展和规划协会,1
发改委.产委会,1
发改委.产委会.中国经济体制改革研究会产委会,1
发改委.其他.东海药业,1
发改委.中心.价格监测中心,1
发改委.其他.国家发展和改革委员会直属事业单位,1
发改委.其他.国家发改委,1
发改委.中心.国家发改委培训中心,1
发改委.研究院.中华人民共和国国家发展和改革委员会宏观经济研究院,1
发改委.中心.国家信息中心,1
发改委.协会.交通运输协会,1
发改委.协会.中国投资协会,1
发改委.其他.中国市场出版社,1
发改委.中心.国家发展和改革委员会机关服务中心,1
发改委.局.机关国家能源局,1
发改委.中心.信息中心,1
发改委.协会.中国产业海外发展协会,1
发改委.其他.信用信息专委会,1
发改委.协会.中国交通运输协会,1
发改委.其他.中施协,1
发改委.研究院.国家发展改革委宏观经济研究院,1
发改委.协会.中国施工企业管理协会,1
发改委.所,1
发改委.所.国家发改委产业所,1
发改委.中心.研究所国家信息中心,1
发改委.中心.中国机电设备招标中心,1
发改委.研究会,1
发改委.研究会.中国人力资源开发研究会,1
发改委.中心.的市节能中心,1
发改委.中心.市工程咨询公司和市审计局信息中心,1
发改委.其他.中国投资协会农投委,1
发改委.中心.小城镇改革发展中心,1
发改委.委员会,1
发改委.委员会.中国投资协会项目投融资专业委员会,1
发改委.其他.行政机构,1
发改委.委员会.中国投资协会专业委员会,1
发改委.其他.宏观院,1
发改委.所.能源研究所,1
发改委.所.国土地区所,1
发改委.协会.中国中小企业国际合作协会,1
发改委.协会.中国中小企业协会,1
发改委.中心.北京金东方国际教育文化交流中心,1
发改委.中心.国家发展改革委国际合作中心,1
发改委.中心.中国国家发展和改革委员会培训中心,1
发改委.其他.媒体出版社,1
发改委.研究院.宏观经济研究院,1
发改委.所.投资研究所,1
发改委.委员会.国家发展和改革委员会,1
发改委.中心.国防动员研究发展中心,1
发改委.公司.工程设计公司,1
发改委.司.工程设计公司,1
发改委.公司.逸通公司,1
发改委.司.逸通公司,1
发改委.中心.市经济研究中心,1
发改委.中心.国家发展和改革委员会培训中心,1
发改委.研究院.宏观经济研究院中华人民共和国国家发展和改革委员会宏观经济研究院,1
发改委.司.能源局电力司,1
发改委.其他.地铁资金办,1
发改委.研究会.中国经济体制改革研究会,1
发改委.公司.铁路公司,1
发改委.司.铁路公司,1
发改委.公司.股权北京国信招标公司,1
发改委.司.股权北京国信招标公司,1
发改委.中心.平谷区京津冀协同发展服务中心,1
发改委.公司.青岛东海药业有限公司,1
发改委.司.青岛东海药业有限公司,1
发改委.中心.国家发改委国际合作中心,1
发改委.协会.中国设备管理协会,1
发改委.公司.拍卖有限公司,1
发改委.司.拍卖有限公司,1
发改委.委员会.中国节能协会节能服务产业委员会,1
发改委.中心.中国国际经济交流中心,1
发改委.协会.施工企业管理协会,1
发改委.其他.研究机构和有关,1
发改委.其他.中国产业发展促进会,1
发改委.中心.哈尔滨市节能中心,1
发改委.公司.投资有限公司,1
发改委.司.投资有限公司,1
发改委.其他.正司级事业单位,1
发改委.其他.广东省发改委,1
发改委.司.发改委人事司,1
发改委.司.发改委副秘书长兼固定资产投资司,1
发改委.司.发改委价格司,1
发改委.司.发改委副秘书长图简历发改委价格司,1
发改委.司.发改委法规司,1
发改委.司.发改委西部司,1
发改委.司.发改委社会司,1
发改委.司.发改委产业协调司,1
发改委.司.发改委国防司,1
发改委.司.发改委经贸司,1
发改委.司.发改委东北等老工业基地司,1
发改委.司.发改委投资司,1
发改委.司.发改委司,1
发改委.司.价格司,1
发改委.司.发改委综合司,1
发改委.司.发改委就业司,1
发改委.司.发改委振兴司,1
发改委.司.发改委外资司,1
发改委.司.发改委规划司,1
发改委.司.发改委价钱司,1
发改委.司.发改委价钱监视检查司,1
发改委.司.国家发改委人事司,1
发改委.司.国家发改委副秘书长兼固定资产投资司,1
发改委.司.国家发改委价格司,1
发改委.司.国家发改委西部司,1
发改委.司.国家发改委法规司,1
发改委.司.国家发改委天然气调价国家发改委司,1
发改委.司.国家发改委价格监督检查司,1
发改委.司.国家发改委投资司,1
发改委.司.国家发改委综合司,1
发改委.司.国家发改委规划司,1
发改委.司.国家发改委国防司,1
发改委.司.国家发改委地区司,1
发改委.司.国家发改委振兴司,1
发改委.司.国家发改委经贸司,1
发改委.司.国家发改委就业司,1
发改委.司.国家发改委社会司,1
发改委.司.国家发改委外资司,1
发改委.司.国家发改委价钱司,1
发改委.司.国家发改委价钱监视检查司,1
发改委.司.国家发展和改革委员会国司,1
发改委.司.价格司.处,1
发改委.司.价格司.处.价格司调控处,1
发改委.司.价格司.处.价格司分析处,1
发改委.司.价格司.处.价格司医药处,1
发改委.司.价格司.处.价格司成本处,1
发改委.司.价格司.处.价格司电价处,1
发改委.司.价格司.处.价格司身处,1
发改委.司.价格司.处.价格司相关处,1
发改委.司.价格司.处.价格司服务处,1
发改委.司.价格司.处.价格司电力处,1
发改委.司.价格司.处.价格司油气处,1
发改委.司.价格司.处.价格司综合处,1
